-- Run team10_schema.sql first!
INSERT INTO EMPLOYEE VALUES (449827, 'password', 'Andrew', 'Goodman', 'team_member', 099413);
INSERT INTO EMPLOYEE VALUES (549512, 'password', 'Hala', 'Moody', 'team_member', 099413);
INSERT INTO EMPLOYEE VALUES (355152, 'password', 'Maija', 'Kingston', 'team_member', 099413);
INSERT INTO EMPLOYEE VALUES (099413, 'password', 'Tristen', 'Young', 'team_leader', NULL);

INSERT INTO CUSTOMER VALUES ('elDuderino@gmail.com', 8886665555, 'Jeffrey', 'l', 'Lebowski', '606 Venezia Avenue', 'Venice', 'CA', 90291);
INSERT INTO CUSTOMER VALUES ('vetBowler@gmail.com', 6668884444, 'Walter', 'F', 'Sobchak', '7227 Friends Avenue', 'Venice', 'CA', 90291);
INSERT INTO CUSTOMER VALUES ('surfinDonny@gmail.com', 4534534532, 'Theodore', 'D', 'Kerabtasos', '1371 Battleford Drive', 'Santa Monica', 'CA', 90405);
INSERT INTO CUSTOMER VALUES ('theJesus@gmail.com', 3334435555, 'Jesus', 'P', 'Quintana', '930 Vine Street', 'Venice', 'CA', 90291);
INSERT INTO CUSTOMER VALUES ('cableRepairman@gmail.com', 9879879876, 'Karl', 'J', 'Hungus', '44698 Corte Gutierrez', 'Los Angeles', 'CA', 90066);

INSERT INTO SECTION VALUES (265, 'Mobile', 'Smartphones, tablets, and accessories');
INSERT INTO SECTION VALUES (560, 'Home Theater', 'Audio and video devices');
INSERT INTO SECTION VALUES (511, 'Gaming', 'Consoles, games and accessories');

INSERT INTO DEVICES VALUES (754165415, 15541, 'iPhone 11', 'Apple', 'Phone', 265, 1);
INSERT INTO DEVICES VALUES (186746216, 15541, 'iPhone 11', 'Apple', 'Phone', 265, 4);
INSERT INTO DEVICES VALUES (486159545, 15542, 'iPhone 11 Pro', 'Apple', 'Phone', 265, 5);
INSERT INTO DEVICES VALUES (754181953, 15543, 'iPhone 11 Pro Max', 'Apple', 'Phone', 265, 1);
INSERT INTO DEVICES VALUES (510564211, 54150, 'UNU50NU6900FXZA', 'Samsung', 'TV', 560, 6);
INSERT INTO DEVICES VALUES (056205418, 54155, 'UNU55NU6900FXZA', 'Samsung', 'TV', 560, 3);
INSERT INTO DEVICES VALUES (602165912, 00700, 'Soundbar 700', 'Bose', 'Audio', 511, 3);
INSERT INTO DEVICES VALUES (186984623, 51034, 'PlayStation 4 1TB', 'Sony', 'Game Console', 511, 2);
INSERT INTO DEVICES VALUES (561845321, 51035, 'PlayStation 4 Pro', 'Sony', 'Game Console', 511, 1);
INSERT INTO DEVICES VALUES (574912376, 56123, 'Xbox One X', 'Microsoft', 'Game Console', 511, 6);
INSERT INTO DEVICES VALUES (2452254, 56122, 'Xbox One S', 'Microsoft', 'Game Console', 511, 7);
INSERT INTO DEVICES VALUES (915498462, 56541, 'The Last of Us - Part 2', 'Naughty Dog', 'Video Game', 511, 2);

INSERT INTO ORDERS VALUES (894152, 6/28/2020, 1749.00, 449827, 'elDuderino@gmail.com',186746216);
INSERT INTO ORDERS VALUES (813205, 6/27/2020, 459.00, 549512, 'surfinDonny@gmail.com',510564211);
INSERT INTO ORDERS VALUES (165020, 6/28/2020, 799.00, 355152, 'cableRepairman@gmail.com',574912376);

INSERT INTO COMPRISES VALUES (754165415, 265);
INSERT INTO COMPRISES VALUES (186746216, 265);
INSERT INTO COMPRISES VALUES (486159545, 265);
INSERT INTO COMPRISES VALUES (754181953, 265);
INSERT INTO COMPRISES VALUES (510564211, 560);
INSERT INTO COMPRISES VALUES (056205418, 560);
INSERT INTO COMPRISES VALUES (602165912, 560);
INSERT INTO COMPRISES VALUES (186984623, 511);
INSERT INTO COMPRISES VALUES (561845321, 511);
INSERT INTO COMPRISES VALUES (574912376, 511);
INSERT INTO COMPRISES VALUES (186746216, 511);
INSERT INTO COMPRISES VALUES (915498462, 511);

INSERT INTO MANAGES VALUES (449827, 511);
INSERT INTO MANAGES VALUES (549512, 265);
INSERT INTO MANAGES VALUES (355152, 560);

INSERT INTO HAS VALUES (894152, 056205418);
INSERT INTO HAS VALUES (894152, 574912376);
INSERT INTO HAS VALUES (894152, 602165912);
INSERT INTO HAS VALUES (813205, 561845321);
INSERT INTO HAS VALUES (813205, 915498462);
INSERT INTO HAS VALUES (165020, 754165415);

